INSERT INTO domains (id, domain) VALUES (1, 'example.com');
INSERT INTO domains (id, domain) VALUES (2, 'example.net');
INSERT INTO domains (id, domain) VALUES (3, 'example.org');

INSERT INTO records (id, name, type, ttl, disabled, persistence, domain_id) VALUES (1, 'example.com', 'SOA', 86400, 0, 0, 1);
INSERT INTO records (id, name, type, ttl, disabled, persistence, domain_id) VALUES (2, 'example.com', 'NS', 3600, 0, 0, 1);
INSERT INTO records (id, name, type, ttl, disabled, persistence, domain_id) VALUES (3, 'ns1.example.com', 'A', 300, 0, 0, 1);
INSERT INTO records (id, name, type, ttl, disabled, persistence, domain_id) VALUES (4, 'ns2.example.com', 'A', 300, 0, 0, 1);
INSERT INTO records (id, name, type, ttl, disabled, persistence, domain_id) VALUES (5, 'ns3.example.com', 'A', 300, 0, 0, 1);
INSERT INTO records (id, name, type, ttl, disabled, persistence, domain_id) VALUES (6, 'ns4.example.com', 'A', 300, 0, 0, 1);
INSERT INTO records (id, name, type, ttl, disabled, persistence, domain_id) VALUES (7, 'ns1.example.com', 'AAAA', 300, 0, 0, 1);
INSERT INTO records (id, name, type, ttl, disabled, persistence, domain_id) VALUES (8, 'ns2.example.com', 'AAAA', 300, 0, 0, 1);
INSERT INTO records (id, name, type, ttl, disabled, persistence, domain_id) VALUES (9, 'ns3.example.com', 'AAAA', 300, 0, 0, 1);
INSERT INTO records (id, name, type, ttl, disabled, persistence, domain_id) VALUES (10, 'ns4.example.com', 'AAAA', 300, 0, 0, 1);
INSERT INTO records (id, name, type, ttl, disabled, persistence, domain_id) VALUES (11, 'example.com', 'A', 300, 0, 0, 1);
INSERT INTO records (id, name, type, ttl, disabled, persistence, domain_id) VALUES (12, 'example.com', 'AAAA', 300, 0, 0, 1);
INSERT INTO records (id, name, type, ttl, disabled, persistence, domain_id) VALUES (13, 'www.example.com', 'CNAME', 3600, 0, 0, 1);
INSERT INTO records (id, name, type, ttl, disabled, persistence, domain_id) VALUES (14, 'm.example.com', 'A', 300, 0, 0, 1);
INSERT INTO records (id, name, type, ttl, disabled, persistence, domain_id) VALUES (15, 'm.example.com', 'AAAA', 300, 0, 0, 1);
INSERT INTO records (id, name, type, ttl, disabled, persistence, domain_id) VALUES (16, 'mobile.example.com', 'CNAME', 3600, 0, 0, 1);
INSERT INTO records (id, name, type, ttl, disabled, persistence, domain_id) VALUES (17, 'example.com', 'MX', 3600, 0, 0, 1);
INSERT INTO records (id, name, type, ttl, disabled, persistence, domain_id) VALUES (18, 'example.com', 'TXT', 3600, 0, 0, 1);
INSERT INTO records (id, name, type, ttl, disabled, persistence, domain_id) VALUES (19, 'mail1.example.com', 'A', 300, 0, 0, 1);
INSERT INTO records (id, name, type, ttl, disabled, persistence, domain_id) VALUES (20, 'mail2.example.com', 'A', 300, 0, 0, 1);
INSERT INTO records (id, name, type, ttl, disabled, persistence, domain_id) VALUES (21, 'mail3.example.com', 'A', 300, 0, 0, 1);
INSERT INTO records (id, name, type, ttl, disabled, persistence, domain_id) VALUES (22, 'mail1.example.com', 'AAAA', 300, 0, 0, 1);
INSERT INTO records (id, name, type, ttl, disabled, persistence, domain_id) VALUES (23, 'mail2.example.com', 'AAAA', 300, 0, 0, 1);
INSERT INTO records (id, name, type, ttl, disabled, persistence, domain_id) VALUES (24, 'mail3.example.com', 'AAAA', 300, 0, 0, 1);
INSERT INTO records (id, name, type, ttl, disabled, persistence, domain_id) VALUES (25, '_sip._tcp.example.com', 'SRV', 3600, 0, 0, 1);
INSERT INTO records (id, name, type, ttl, disabled, persistence, domain_id) VALUES (26, 'sip.example.com', 'A', 300, 0, 0, 1);
INSERT INTO records (id, name, type, ttl, disabled, persistence, domain_id) VALUES (27, 'sip.example.com', 'AAAA', 300, 0, 0, 1);
INSERT INTO records (id, name, type, ttl, disabled, persistence, domain_id) VALUES (28, 'example.net', 'SOA', 86400, 0, 0, 2);
INSERT INTO records (id, name, type, ttl, disabled, persistence, domain_id) VALUES (29, 'example.net', 'NS', 3600, 0, 0, 2);
INSERT INTO records (id, name, type, ttl, disabled, persistence, domain_id) VALUES (30, 'ns1.example.net', 'A', 300, 0, 0, 2);
INSERT INTO records (id, name, type, ttl, disabled, persistence, domain_id) VALUES (31, 'ns2.example.net', 'A', 300, 0, 0, 2);
INSERT INTO records (id, name, type, ttl, disabled, persistence, domain_id) VALUES (32, 'ns3.example.net', 'A', 300, 0, 0, 2);
INSERT INTO records (id, name, type, ttl, disabled, persistence, domain_id) VALUES (33, 'ns4.example.net', 'A', 300, 0, 0, 2);
INSERT INTO records (id, name, type, ttl, disabled, persistence, domain_id) VALUES (34, 'ns1.example.net', 'AAAA', 300, 0, 0, 2);
INSERT INTO records (id, name, type, ttl, disabled, persistence, domain_id) VALUES (35, 'ns2.example.net', 'AAAA', 300, 0, 0, 2);
INSERT INTO records (id, name, type, ttl, disabled, persistence, domain_id) VALUES (36, 'ns3.example.net', 'AAAA', 300, 0, 0, 2);
INSERT INTO records (id, name, type, ttl, disabled, persistence, domain_id) VALUES (37, 'ns4.example.net', 'AAAA', 300, 0, 0, 2);
INSERT INTO records (id, name, type, ttl, disabled, persistence, domain_id) VALUES (38, 'example.net', 'A', 300, 0, 0, 2);
INSERT INTO records (id, name, type, ttl, disabled, persistence, domain_id) VALUES (39, 'example.net', 'AAAA', 300, 0, 0, 2);
INSERT INTO records (id, name, type, ttl, disabled, persistence, domain_id) VALUES (40, 'www.example.net', 'CNAME', 3600, 0, 0, 2);
INSERT INTO records (id, name, type, ttl, disabled, persistence, domain_id) VALUES (41, 'm.example.net', 'A', 300, 0, 0, 2);
INSERT INTO records (id, name, type, ttl, disabled, persistence, domain_id) VALUES (42, 'm.example.net', 'AAAA', 300, 0, 0, 2);
INSERT INTO records (id, name, type, ttl, disabled, persistence, domain_id) VALUES (43, 'mobile.example.net', 'CNAME', 3600, 0, 0, 2);
INSERT INTO records (id, name, type, ttl, disabled, persistence, domain_id) VALUES (44, 'example.net', 'MX', 3600, 0, 0, 2);
INSERT INTO records (id, name, type, ttl, disabled, persistence, domain_id) VALUES (45, 'example.net', 'TXT', 3600, 0, 0, 2);
INSERT INTO records (id, name, type, ttl, disabled, persistence, domain_id) VALUES (46, 'mail1.example.net', 'A', 300, 0, 0, 2);
INSERT INTO records (id, name, type, ttl, disabled, persistence, domain_id) VALUES (47, 'mail2.example.net', 'A', 300, 0, 0, 2);
INSERT INTO records (id, name, type, ttl, disabled, persistence, domain_id) VALUES (48, 'mail3.example.net', 'A', 300, 0, 0, 2);
INSERT INTO records (id, name, type, ttl, disabled, persistence, domain_id) VALUES (49, 'mail1.example.net', 'AAAA', 300, 0, 0, 2);
INSERT INTO records (id, name, type, ttl, disabled, persistence, domain_id) VALUES (50, 'mail2.example.net', 'AAAA', 300, 0, 0, 2);
INSERT INTO records (id, name, type, ttl, disabled, persistence, domain_id) VALUES (51, 'mail3.example.net', 'AAAA', 300, 0, 0, 2);
INSERT INTO records (id, name, type, ttl, disabled, persistence, domain_id) VALUES (52, '_sip._tcp.example.net', 'SRV', 3600, 0, 0, 2);
INSERT INTO records (id, name, type, ttl, disabled, persistence, domain_id) VALUES (53, 'sip.example.net', 'A', 300, 0, 0, 2);
INSERT INTO records (id, name, type, ttl, disabled, persistence, domain_id) VALUES (54, 'sip.example.net', 'AAAA', 300, 0, 0, 2);
INSERT INTO records (id, name, type, ttl, disabled, persistence, domain_id) VALUES (55, 'example.org', 'SOA', 86400, 0, 0, 3);
INSERT INTO records (id, name, type, ttl, disabled, persistence, domain_id) VALUES (56, 'example.org', 'NS', 3600, 0, 0, 3);
INSERT INTO records (id, name, type, ttl, disabled, persistence, domain_id) VALUES (57, 'ns1.example.org', 'A', 300, 0, 0, 3);
INSERT INTO records (id, name, type, ttl, disabled, persistence, domain_id) VALUES (58, 'ns2.example.org', 'A', 300, 0, 0, 3);
INSERT INTO records (id, name, type, ttl, disabled, persistence, domain_id) VALUES (59, 'ns3.example.org', 'A', 300, 0, 0, 3);
INSERT INTO records (id, name, type, ttl, disabled, persistence, domain_id) VALUES (60, 'ns4.example.org', 'A', 300, 0, 0, 3);
INSERT INTO records (id, name, type, ttl, disabled, persistence, domain_id) VALUES (61, 'ns1.example.org', 'AAAA', 300, 0, 0, 3);
INSERT INTO records (id, name, type, ttl, disabled, persistence, domain_id) VALUES (62, 'ns2.example.org', 'AAAA', 300, 0, 0, 3);
INSERT INTO records (id, name, type, ttl, disabled, persistence, domain_id) VALUES (63, 'ns3.example.org', 'AAAA', 300, 0, 0, 3);
INSERT INTO records (id, name, type, ttl, disabled, persistence, domain_id) VALUES (64, 'ns4.example.org', 'AAAA', 300, 0, 0, 3);
INSERT INTO records (id, name, type, ttl, disabled, persistence, domain_id) VALUES (65, 'example.org', 'A', 300, 0, 0, 3);
INSERT INTO records (id, name, type, ttl, disabled, persistence, domain_id) VALUES (66, 'example.org', 'AAAA', 300, 0, 0, 3);
INSERT INTO records (id, name, type, ttl, disabled, persistence, domain_id) VALUES (67, 'www.example.org', 'CNAME', 3600, 0, 0, 3);
INSERT INTO records (id, name, type, ttl, disabled, persistence, domain_id) VALUES (68, 'm.example.org', 'A', 300, 0, 0, 3);
INSERT INTO records (id, name, type, ttl, disabled, persistence, domain_id) VALUES (69, 'm.example.org', 'AAAA', 300, 0, 0, 3);
INSERT INTO records (id, name, type, ttl, disabled, persistence, domain_id) VALUES (70, 'mobile.example.org', 'CNAME', 3600, 0, 0, 3);
INSERT INTO records (id, name, type, ttl, disabled, persistence, domain_id) VALUES (71, 'example.org', 'MX', 3600, 0, 0, 3);
INSERT INTO records (id, name, type, ttl, disabled, persistence, domain_id) VALUES (72, 'example.org', 'TXT', 3600, 0, 0, 3);
INSERT INTO records (id, name, type, ttl, disabled, persistence, domain_id) VALUES (73, 'mail1.example.org', 'A', 300, 0, 0, 3);
INSERT INTO records (id, name, type, ttl, disabled, persistence, domain_id) VALUES (74, 'mail2.example.org', 'A', 300, 0, 0, 3);
INSERT INTO records (id, name, type, ttl, disabled, persistence, domain_id) VALUES (75, 'mail3.example.org', 'A', 300, 0, 0, 3);
INSERT INTO records (id, name, type, ttl, disabled, persistence, domain_id) VALUES (76, 'mail1.example.org', 'AAAA', 300, 0, 0, 3);
INSERT INTO records (id, name, type, ttl, disabled, persistence, domain_id) VALUES (77, 'mail2.example.org', 'AAAA', 300, 0, 0, 3);
INSERT INTO records (id, name, type, ttl, disabled, persistence, domain_id) VALUES (78, 'mail3.example.org', 'AAAA', 300, 0, 0, 3);
INSERT INTO records (id, name, type, ttl, disabled, persistence, domain_id) VALUES (79, '_sip._tcp.example.org', 'SRV', 3600, 0, 0, 3);
INSERT INTO records (id, name, type, ttl, disabled, persistence, domain_id) VALUES (80, 'sip.example.org', 'A', 300, 0, 0, 3);
INSERT INTO records (id, name, type, ttl, disabled, persistence, domain_id) VALUES (81, 'sip.example.org', 'AAAA', 300, 0, 0, 3);

INSERT INTO monitors (id, monitor, description) VALUES (1, '', 'No check');
INSERT INTO monitors (id, monitor, description) VALUES (2, '{"type": "exec", "args": ["/etc/powergslb/powergslb-check", "%(content)s"], "interval": 3, "timeout": 1, "fall": 3, "rise": 5}', 'Command execution');
INSERT INTO monitors (id, monitor, description) VALUES (3, '{"type": "icmp", "ip": "%(content)s", "interval": 3, "timeout": 1, "fall": 3, "rise": 5}', 'ICMP ping');
INSERT INTO monitors (id, monitor, description) VALUES (4, '{"type": "http", "url": "http://%(content)s/status", "interval": 3, "timeout": 1, "fall": 3, "rise": 5}', 'HTTP request /status');
INSERT INTO monitors (id, monitor, description) VALUES (5, '{"type": "tcp", "ip": "%(content)s", "port": 80, "interval": 3, "timeout": 1, "fall": 3, "rise": 5}', 'TCP connect to port 80');
INSERT INTO monitors (id, monitor, description) VALUES (6, '{"type": "tcp", "ip": "%(content)s", "port": 443, "interval": 3, "timeout": 1, "fall": 3, "rise": 5}', 'TCP connect to port 443');

INSERT INTO contents (id, content, fallback, weight, monitor_id) VALUES (1, 'ns1.example.com. hostmaster.example.com. 2016010101 21600 3600 1209600 300', 0, 0, 1);
INSERT INTO contents (id, content, fallback, weight, monitor_id) VALUES (2, 'ns1.example.com', 0, 0, 1);
INSERT INTO contents (id, content, fallback, weight, monitor_id) VALUES (3, 'ns2.example.com', 0, 0, 1);
INSERT INTO contents (id, content, fallback, weight, monitor_id) VALUES (4, 'ns3.example.com', 0, 0, 1);
INSERT INTO contents (id, content, fallback, weight, monitor_id) VALUES (5, 'ns4.example.com', 0, 0, 1);
INSERT INTO contents (id, content, fallback, weight, monitor_id) VALUES (6, 'example.com', 0, 0, 1);
INSERT INTO contents (id, content, fallback, weight, monitor_id) VALUES (7, 'm.example.com', 0, 0, 1);
INSERT INTO contents (id, content, fallback, weight, monitor_id) VALUES (8, '10 mail1.example.com', 0, 0, 1);
INSERT INTO contents (id, content, fallback, weight, monitor_id) VALUES (9, '20 mail2.example.com', 0, 0, 1);
INSERT INTO contents (id, content, fallback, weight, monitor_id) VALUES (10, '30 mail3.example.com', 0, 0, 1);
INSERT INTO contents (id, content, fallback, weight, monitor_id) VALUES (11, '10 100 5060 sip.example.com', 0, 0, 1);
INSERT INTO contents (id, content, fallback, weight, monitor_id) VALUES (12, 'ns1.example.net. hostmaster.example.net. 2016010101 21600 3600 1209600 300', 0, 0, 1);
INSERT INTO contents (id, content, fallback, weight, monitor_id) VALUES (13, 'ns1.example.net', 0, 0, 1);
INSERT INTO contents (id, content, fallback, weight, monitor_id) VALUES (14, 'ns2.example.net', 0, 0, 1);
INSERT INTO contents (id, content, fallback, weight, monitor_id) VALUES (15, 'ns3.example.net', 0, 0, 1);
INSERT INTO contents (id, content, fallback, weight, monitor_id) VALUES (16, 'ns4.example.net', 0, 0, 1);
INSERT INTO contents (id, content, fallback, weight, monitor_id) VALUES (17, 'example.net', 0, 0, 1);
INSERT INTO contents (id, content, fallback, weight, monitor_id) VALUES (18, 'm.example.net', 0, 0, 1);
INSERT INTO contents (id, content, fallback, weight, monitor_id) VALUES (19, '10 mail1.example.net', 0, 0, 1);
INSERT INTO contents (id, content, fallback, weight, monitor_id) VALUES (20, '20 mail2.example.net', 0, 0, 1);
INSERT INTO contents (id, content, fallback, weight, monitor_id) VALUES (21, '30 mail3.example.net', 0, 0, 1);
INSERT INTO contents (id, content, fallback, weight, monitor_id) VALUES (22, '10 100 5060 sip.example.net', 0, 0, 1);
INSERT INTO contents (id, content, fallback, weight, monitor_id) VALUES (23, 'ns1.example.org. hostmaster.example.org. 2016010101 21600 3600 1209600 300', 0, 0, 1);
INSERT INTO contents (id, content, fallback, weight, monitor_id) VALUES (24, 'ns1.example.org', 0, 0, 1);
INSERT INTO contents (id, content, fallback, weight, monitor_id) VALUES (25, 'ns2.example.org', 0, 0, 1);
INSERT INTO contents (id, content, fallback, weight, monitor_id) VALUES (26, 'ns3.example.org', 0, 0, 1);
INSERT INTO contents (id, content, fallback, weight, monitor_id) VALUES (27, 'ns4.example.org', 0, 0, 1);
INSERT INTO contents (id, content, fallback, weight, monitor_id) VALUES (28, 'example.org', 0, 0, 1);
INSERT INTO contents (id, content, fallback, weight, monitor_id) VALUES (29, 'm.example.org', 0, 0, 1);
INSERT INTO contents (id, content, fallback, weight, monitor_id) VALUES (30, '10 mail1.example.org', 0, 0, 1);
INSERT INTO contents (id, content, fallback, weight, monitor_id) VALUES (31, '20 mail2.example.org', 0, 0, 1);
INSERT INTO contents (id, content, fallback, weight, monitor_id) VALUES (32, '30 mail3.example.org', 0, 0, 1);
INSERT INTO contents (id, content, fallback, weight, monitor_id) VALUES (33, '10 100 5060 sip.example.org', 0, 0, 1);
INSERT INTO contents (id, content, fallback, weight, monitor_id) VALUES (34, 'v=spf1 ip4:192.0.2.0/24 2001:db8::/32 ~all', 0, 0, 1);
INSERT INTO contents (id, content, fallback, weight, monitor_id) VALUES (35, '192.0.2.1', 0, 0, 1);
INSERT INTO contents (id, content, fallback, weight, monitor_id) VALUES (36, '192.0.2.2', 0, 0, 1);
INSERT INTO contents (id, content, fallback, weight, monitor_id) VALUES (37, '192.0.2.3', 0, 0, 1);
INSERT INTO contents (id, content, fallback, weight, monitor_id) VALUES (38, '192.0.2.4', 0, 0, 1);
INSERT INTO contents (id, content, fallback, weight, monitor_id) VALUES (39, '192.0.2.10', 0, 0, 1);
INSERT INTO contents (id, content, fallback, weight, monitor_id) VALUES (40, '192.0.2.20', 0, 0, 1);
INSERT INTO contents (id, content, fallback, weight, monitor_id) VALUES (41, '192.0.2.30', 0, 0, 1);
INSERT INTO contents (id, content, fallback, weight, monitor_id) VALUES (42, '192.0.2.40', 0, 0, 1);
INSERT INTO contents (id, content, fallback, weight, monitor_id) VALUES (43, '192.0.2.101', 0, 0, 1);
INSERT INTO contents (id, content, fallback, weight, monitor_id) VALUES (44, '192.0.2.102', 0, 0, 1);
INSERT INTO contents (id, content, fallback, weight, monitor_id) VALUES (45, '192.0.2.103', 0, 0, 1);
INSERT INTO contents (id, content, fallback, weight, monitor_id) VALUES (46, '192.0.2.104', 0, 0, 1);
INSERT INTO contents (id, content, fallback, weight, monitor_id) VALUES (47, '192.0.2.201', 0, 0, 1);
INSERT INTO contents (id, content, fallback, weight, monitor_id) VALUES (48, '192.0.2.202', 0, 0, 1);
INSERT INTO contents (id, content, fallback, weight, monitor_id) VALUES (49, '192.0.2.203', 0, 0, 1);
INSERT INTO contents (id, content, fallback, weight, monitor_id) VALUES (50, '192.0.2.204', 0, 0, 1);
INSERT INTO contents (id, content, fallback, weight, monitor_id) VALUES (51, '2001:db8::1', 0, 0, 1);
INSERT INTO contents (id, content, fallback, weight, monitor_id) VALUES (52, '2001:db8::2', 0, 0, 1);
INSERT INTO contents (id, content, fallback, weight, monitor_id) VALUES (53, '2001:db8::3', 0, 0, 1);
INSERT INTO contents (id, content, fallback, weight, monitor_id) VALUES (54, '2001:db8::4', 0, 0, 1);
INSERT INTO contents (id, content, fallback, weight, monitor_id) VALUES (55, '2001:db8::10', 0, 0, 1);
INSERT INTO contents (id, content, fallback, weight, monitor_id) VALUES (56, '2001:db8::20', 0, 0, 1);
INSERT INTO contents (id, content, fallback, weight, monitor_id) VALUES (57, '2001:db8::30', 0, 0, 1);
INSERT INTO contents (id, content, fallback, weight, monitor_id) VALUES (58, '2001:db8::40', 0, 0, 1);
INSERT INTO contents (id, content, fallback, weight, monitor_id) VALUES (59, '2001:db8::101', 0, 0, 1);
INSERT INTO contents (id, content, fallback, weight, monitor_id) VALUES (60, '2001:db8::102', 0, 0, 1);
INSERT INTO contents (id, content, fallback, weight, monitor_id) VALUES (61, '2001:db8::103', 0, 0, 1);
INSERT INTO contents (id, content, fallback, weight, monitor_id) VALUES (62, '2001:db8::104', 0, 0, 1);
INSERT INTO contents (id, content, fallback, weight, monitor_id) VALUES (63, '2001:db8::201', 0, 0, 1);
INSERT INTO contents (id, content, fallback, weight, monitor_id) VALUES (64, '2001:db8::202', 0, 0, 1);
INSERT INTO contents (id, content, fallback, weight, monitor_id) VALUES (65, '2001:db8::203', 0, 0, 1);
INSERT INTO contents (id, content, fallback, weight, monitor_id) VALUES (66, '2001:db8::204', 0, 0, 1);

INSERT INTO records_contents (record_id, content_id) VALUES (1, 1);
INSERT INTO records_contents (record_id, content_id) VALUES (2, 2);
INSERT INTO records_contents (record_id, content_id) VALUES (2, 3);
INSERT INTO records_contents (record_id, content_id) VALUES (2, 4);
INSERT INTO records_contents (record_id, content_id) VALUES (2, 5);
INSERT INTO records_contents (record_id, content_id) VALUES (3, 35);
INSERT INTO records_contents (record_id, content_id) VALUES (4, 36);
INSERT INTO records_contents (record_id, content_id) VALUES (5, 37);
INSERT INTO records_contents (record_id, content_id) VALUES (6, 38);
INSERT INTO records_contents (record_id, content_id) VALUES (7, 51);
INSERT INTO records_contents (record_id, content_id) VALUES (8, 52);
INSERT INTO records_contents (record_id, content_id) VALUES (9, 53);
INSERT INTO records_contents (record_id, content_id) VALUES (10, 54);
INSERT INTO records_contents (record_id, content_id) VALUES (11, 43);
INSERT INTO records_contents (record_id, content_id) VALUES (11, 44);
INSERT INTO records_contents (record_id, content_id) VALUES (11, 45);
INSERT INTO records_contents (record_id, content_id) VALUES (11, 46);
INSERT INTO records_contents (record_id, content_id) VALUES (12, 59);
INSERT INTO records_contents (record_id, content_id) VALUES (12, 60);
INSERT INTO records_contents (record_id, content_id) VALUES (12, 61);
INSERT INTO records_contents (record_id, content_id) VALUES (12, 62);
INSERT INTO records_contents (record_id, content_id) VALUES (13, 6);
INSERT INTO records_contents (record_id, content_id) VALUES (14, 47);
INSERT INTO records_contents (record_id, content_id) VALUES (14, 48);
INSERT INTO records_contents (record_id, content_id) VALUES (14, 49);
INSERT INTO records_contents (record_id, content_id) VALUES (14, 50);
INSERT INTO records_contents (record_id, content_id) VALUES (15, 63);
INSERT INTO records_contents (record_id, content_id) VALUES (15, 64);
INSERT INTO records_contents (record_id, content_id) VALUES (15, 65);
INSERT INTO records_contents (record_id, content_id) VALUES (15, 66);
INSERT INTO records_contents (record_id, content_id) VALUES (16, 7);
INSERT INTO records_contents (record_id, content_id) VALUES (17, 8);
INSERT INTO records_contents (record_id, content_id) VALUES (17, 9);
INSERT INTO records_contents (record_id, content_id) VALUES (17, 10);
INSERT INTO records_contents (record_id, content_id) VALUES (18, 34);
INSERT INTO records_contents (record_id, content_id) VALUES (19, 39);
INSERT INTO records_contents (record_id, content_id) VALUES (20, 40);
INSERT INTO records_contents (record_id, content_id) VALUES (21, 41);
INSERT INTO records_contents (record_id, content_id) VALUES (22, 55);
INSERT INTO records_contents (record_id, content_id) VALUES (23, 56);
INSERT INTO records_contents (record_id, content_id) VALUES (24, 57);
INSERT INTO records_contents (record_id, content_id) VALUES (25, 11);
INSERT INTO records_contents (record_id, content_id) VALUES (26, 42);
INSERT INTO records_contents (record_id, content_id) VALUES (27, 58);
INSERT INTO records_contents (record_id, content_id) VALUES (28, 12);
INSERT INTO records_contents (record_id, content_id) VALUES (29, 13);
INSERT INTO records_contents (record_id, content_id) VALUES (29, 14);
INSERT INTO records_contents (record_id, content_id) VALUES (29, 15);
INSERT INTO records_contents (record_id, content_id) VALUES (29, 16);
INSERT INTO records_contents (record_id, content_id) VALUES (30, 35);
INSERT INTO records_contents (record_id, content_id) VALUES (31, 36);
INSERT INTO records_contents (record_id, content_id) VALUES (32, 37);
INSERT INTO records_contents (record_id, content_id) VALUES (33, 38);
INSERT INTO records_contents (record_id, content_id) VALUES (34, 51);
INSERT INTO records_contents (record_id, content_id) VALUES (35, 52);
INSERT INTO records_contents (record_id, content_id) VALUES (36, 53);
INSERT INTO records_contents (record_id, content_id) VALUES (37, 54);
INSERT INTO records_contents (record_id, content_id) VALUES (38, 43);
INSERT INTO records_contents (record_id, content_id) VALUES (38, 44);
INSERT INTO records_contents (record_id, content_id) VALUES (38, 45);
INSERT INTO records_contents (record_id, content_id) VALUES (38, 46);
INSERT INTO records_contents (record_id, content_id) VALUES (39, 59);
INSERT INTO records_contents (record_id, content_id) VALUES (39, 60);
INSERT INTO records_contents (record_id, content_id) VALUES (39, 61);
INSERT INTO records_contents (record_id, content_id) VALUES (39, 62);
INSERT INTO records_contents (record_id, content_id) VALUES (40, 17);
INSERT INTO records_contents (record_id, content_id) VALUES (41, 47);
INSERT INTO records_contents (record_id, content_id) VALUES (41, 48);
INSERT INTO records_contents (record_id, content_id) VALUES (41, 49);
INSERT INTO records_contents (record_id, content_id) VALUES (41, 50);
INSERT INTO records_contents (record_id, content_id) VALUES (42, 63);
INSERT INTO records_contents (record_id, content_id) VALUES (42, 64);
INSERT INTO records_contents (record_id, content_id) VALUES (42, 65);
INSERT INTO records_contents (record_id, content_id) VALUES (42, 66);
INSERT INTO records_contents (record_id, content_id) VALUES (43, 18);
INSERT INTO records_contents (record_id, content_id) VALUES (44, 19);
INSERT INTO records_contents (record_id, content_id) VALUES (44, 20);
INSERT INTO records_contents (record_id, content_id) VALUES (44, 21);
INSERT INTO records_contents (record_id, content_id) VALUES (45, 34);
INSERT INTO records_contents (record_id, content_id) VALUES (46, 39);
INSERT INTO records_contents (record_id, content_id) VALUES (47, 40);
INSERT INTO records_contents (record_id, content_id) VALUES (48, 41);
INSERT INTO records_contents (record_id, content_id) VALUES (49, 55);
INSERT INTO records_contents (record_id, content_id) VALUES (50, 56);
INSERT INTO records_contents (record_id, content_id) VALUES (51, 57);
INSERT INTO records_contents (record_id, content_id) VALUES (52, 22);
INSERT INTO records_contents (record_id, content_id) VALUES (53, 42);
INSERT INTO records_contents (record_id, content_id) VALUES (54, 58);
INSERT INTO records_contents (record_id, content_id) VALUES (55, 23);
INSERT INTO records_contents (record_id, content_id) VALUES (56, 24);
INSERT INTO records_contents (record_id, content_id) VALUES (56, 25);
INSERT INTO records_contents (record_id, content_id) VALUES (56, 26);
INSERT INTO records_contents (record_id, content_id) VALUES (56, 27);
INSERT INTO records_contents (record_id, content_id) VALUES (57, 35);
INSERT INTO records_contents (record_id, content_id) VALUES (58, 36);
INSERT INTO records_contents (record_id, content_id) VALUES (59, 37);
INSERT INTO records_contents (record_id, content_id) VALUES (60, 38);
INSERT INTO records_contents (record_id, content_id) VALUES (61, 51);
INSERT INTO records_contents (record_id, content_id) VALUES (62, 52);
INSERT INTO records_contents (record_id, content_id) VALUES (63, 53);
INSERT INTO records_contents (record_id, content_id) VALUES (64, 54);
INSERT INTO records_contents (record_id, content_id) VALUES (65, 43);
INSERT INTO records_contents (record_id, content_id) VALUES (65, 44);
INSERT INTO records_contents (record_id, content_id) VALUES (65, 45);
INSERT INTO records_contents (record_id, content_id) VALUES (65, 46);
INSERT INTO records_contents (record_id, content_id) VALUES (66, 59);
INSERT INTO records_contents (record_id, content_id) VALUES (66, 60);
INSERT INTO records_contents (record_id, content_id) VALUES (66, 61);
INSERT INTO records_contents (record_id, content_id) VALUES (66, 62);
INSERT INTO records_contents (record_id, content_id) VALUES (67, 28);
INSERT INTO records_contents (record_id, content_id) VALUES (68, 47);
INSERT INTO records_contents (record_id, content_id) VALUES (68, 48);
INSERT INTO records_contents (record_id, content_id) VALUES (68, 49);
INSERT INTO records_contents (record_id, content_id) VALUES (68, 50);
INSERT INTO records_contents (record_id, content_id) VALUES (69, 63);
INSERT INTO records_contents (record_id, content_id) VALUES (69, 64);
INSERT INTO records_contents (record_id, content_id) VALUES (69, 65);
INSERT INTO records_contents (record_id, content_id) VALUES (69, 66);
INSERT INTO records_contents (record_id, content_id) VALUES (70, 29);
INSERT INTO records_contents (record_id, content_id) VALUES (71, 30);
INSERT INTO records_contents (record_id, content_id) VALUES (71, 31);
INSERT INTO records_contents (record_id, content_id) VALUES (71, 32);
INSERT INTO records_contents (record_id, content_id) VALUES (72, 34);
INSERT INTO records_contents (record_id, content_id) VALUES (73, 39);
INSERT INTO records_contents (record_id, content_id) VALUES (74, 40);
INSERT INTO records_contents (record_id, content_id) VALUES (75, 41);
INSERT INTO records_contents (record_id, content_id) VALUES (76, 55);
INSERT INTO records_contents (record_id, content_id) VALUES (77, 56);
INSERT INTO records_contents (record_id, content_id) VALUES (78, 57);
INSERT INTO records_contents (record_id, content_id) VALUES (79, 33);
INSERT INTO records_contents (record_id, content_id) VALUES (80, 42);
INSERT INTO records_contents (record_id, content_id) VALUES (81, 58);
