-- crypt(3) SHA-512 hash of 'admin' (Linux shadow $6$ format)
INSERT INTO `users` (`id`, `user`, `name`, `password`) VALUES
  (1, 'admin', 'Administrator', '$6$dC6ekoy/bEIml8vp$744x6Mg7b20oqniYM4NyMz9D.BoBM6fp/3cZGei6sRdAAiO9YUGSnxUqr6FQ8f2.4OrKRxNllYcjr1Btv.VTK1');

INSERT INTO `views` (`id`, `view`, `rule`) VALUES
  (1, 'Public', '0.0.0.0/0 ::/0'),
  (2, 'Private', '10.0.0.0/8 172.16.0.0/12 192.168.0.0/16'),
  (3, 'Europe', 'country:DE country:FR continent:EU');

INSERT INTO `types` (`value`, `type`, `description`) VALUES
  (1, 'A', 'Address record'),
  (2, 'NS', 'Name server record'),
  (5, 'CNAME', 'Canonical name record'),
  (6, 'SOA', 'Start of authority record'),
  (12, 'PTR', 'Pointer record'),
  (15, 'MX', 'Mail exchange record'),
  (16, 'TXT', 'Text record'),
  (28, 'AAAA', 'IPv6 address record'),
  (33, 'SRV', 'Service record'),
  (64, 'SVCB', 'Service binding'),
  (65, 'HTTPS', 'HTTPS binding'),
  (257, 'CAA', 'Certification authority authorization');

INSERT INTO `monitors` (`id`, `monitor`, `monitor_json`) VALUES
  (1, 'No check', '{"type": "none"}'),
  (2, 'Command execution', '{"type": "exec", "args": ["/etc/powergslb/powergslb-check", "${content}"]}'),
  (3, 'ICMP ping', '{"type": "icmp", "ip": "${content}"}'),
  (4, 'HTTP request to /health', '{"type": "http", "url": "http://${content}/health"}'),
  (5, 'HTTPS request to /health', '{"type": "http", "url": "https://${content}/health"}'),
  (6, 'TCP connect to port 80', '{"type": "tcp", "ip": "${content}", "port": 80}'),
  (7, 'TLS connect to port 443', '{"type": "tls", "ip": "${content}", "port": 443}');

INSERT INTO `routings` (`id`, `policy`, `policy_json`) VALUES
  (1, 'Round robin', '{"type": "round-robin"}'),
  (2, 'Weighted random', '{"type": "weighted-random"}'),
  (3, 'Sticky hash', '{"type": "sticky-hash"}');

INSERT INTO `domains` (`id`, `domain`) VALUES
  (1, 'example.com'),
  (2, 'example.net'),
  (3, 'example.org');

-- rrsets: one per (zone, relative record name, type) carrying ttl and a routing policy; records reference rrset_id.

-- example.com
INSERT INTO `rrsets` (`id`, `domain_id`, `name`, `type_value`, `ttl`, `routing_id`) VALUES
  ( 1, 1, '@', 6, 86400, 1),
  ( 2, 1, '@', 2, 3600, 1),
  ( 3, 1, 'ns1', 1, 300, 1),
  ( 4, 1, 'ns2', 1, 300, 1),
  ( 5, 1, 'ns3', 1, 300, 1),
  ( 6, 1, 'ns4', 1, 300, 1),
  ( 7, 1, 'ns1', 28, 300, 1),
  ( 8, 1, 'ns2', 28, 300, 1),
  ( 9, 1, 'ns3', 28, 300, 1),
  (10, 1, 'ns4', 28, 300, 1),
  (11, 1, '@', 1, 300, 1),
  (12, 1, '@', 28, 300, 1),
  (13, 1, 'www', 5, 3600, 1),
  (14, 1, 'm', 1, 300, 1),
  (15, 1, 'm', 28, 300, 1),
  (16, 1, 'mobile', 5, 3600, 1),
  (17, 1, '@', 15, 3600, 1),
  (18, 1, '@', 16, 3600, 1),
  (19, 1, 'mail1', 1, 300, 1),
  (20, 1, 'mail2', 1, 300, 1),
  (21, 1, 'mail3', 1, 300, 1),
  (22, 1, 'mail1', 28, 300, 1),
  (23, 1, 'mail2', 28, 300, 1),
  (24, 1, 'mail3', 28, 300, 1),
  (25, 1, '_sip._tcp', 33, 3600, 1),
  (26, 1, 'sip', 1, 300, 1),
  (27, 1, 'sip', 28, 300, 1),
  (28, 1, '_dns', 64, 3600, 1),
  (29, 1, '@', 65, 3600, 1),
  (30, 1, '@', 257, 3600, 1);

INSERT INTO `records` (`rrset_id`, `content`, `monitor_id`, `view_id`) VALUES
  ( 1, 'ns1.example.com. hostmaster.example.com. 2016010101 21600 3600 1209600 300', 1, 1),
  ( 2, 'ns1.example.com', 1, 1),
  ( 2, 'ns2.example.com', 1, 1),
  ( 2, 'ns3.example.com', 1, 1),
  ( 2, 'ns4.example.com', 1, 1),
  ( 3, '192.0.2.1', 1, 1),
  ( 4, '192.0.2.2', 1, 1),
  ( 5, '192.0.2.3', 1, 1),
  ( 6, '192.0.2.4', 1, 1),
  ( 7, '2001:db8::1', 1, 1),
  ( 8, '2001:db8::2', 1, 1),
  ( 9, '2001:db8::3', 1, 1),
  (10, '2001:db8::4', 1, 1),
  (11, '192.0.2.101', 1, 1),
  (11, '192.0.2.102', 1, 1),
  (11, '192.0.2.103', 1, 1),
  (11, '192.0.2.104', 1, 1),
  (12, '2001:db8::101', 1, 1),
  (12, '2001:db8::102', 1, 1),
  (12, '2001:db8::103', 1, 1),
  (12, '2001:db8::104', 1, 1),
  (13, 'example.com', 1, 1),
  (14, '192.0.2.201', 1, 1),
  (14, '192.0.2.202', 1, 1),
  (14, '192.0.2.203', 1, 1),
  (14, '192.0.2.204', 1, 1),
  (15, '2001:db8::201', 1, 1),
  (15, '2001:db8::202', 1, 1),
  (15, '2001:db8::203', 1, 1),
  (15, '2001:db8::204', 1, 1),
  (16, 'm.example.com', 1, 1),
  (17, '10 mail1.example.com', 1, 1),
  (17, '20 mail2.example.com', 1, 1),
  (17, '30 mail3.example.com', 1, 1),
  (18, 'v=spf1 ip4:192.0.2.0/24 2001:db8::/32 ~all', 1, 1),
  (19, '192.0.2.10', 1, 1),
  (20, '192.0.2.20', 1, 1),
  (21, '192.0.2.30', 1, 1),
  (22, '2001:db8::10', 1, 1),
  (23, '2001:db8::20', 1, 1),
  (24, '2001:db8::30', 1, 1),
  (25, '10 100 5060 sip.example.com', 1, 1),
  (26, '192.0.2.40', 1, 1),
  (27, '2001:db8::40', 1, 1),
  (28, '1 ns1.example.com. alpn="dot"', 1, 1),
  (29, '1 . alpn="h2,h3"', 1, 1),
  (30, '0 issue "ca.example.com"', 1, 1);

-- example.net
INSERT INTO `rrsets` (`id`, `domain_id`, `name`, `type_value`, `ttl`, `routing_id`) VALUES
  (31, 2, '@', 6, 86400, 1),
  (32, 2, '@', 2, 3600, 1),
  (33, 2, 'ns1', 1, 300, 1),
  (34, 2, 'ns2', 1, 300, 1),
  (35, 2, 'ns3', 1, 300, 1),
  (36, 2, 'ns4', 1, 300, 1),
  (37, 2, 'ns1', 28, 300, 1),
  (38, 2, 'ns2', 28, 300, 1),
  (39, 2, 'ns3', 28, 300, 1),
  (40, 2, 'ns4', 28, 300, 1),
  (41, 2, '@', 1, 300, 1),
  (42, 2, '@', 28, 300, 1),
  (43, 2, 'www', 5, 3600, 1),
  (44, 2, 'm', 1, 300, 1),
  (45, 2, 'm', 28, 300, 1),
  (46, 2, 'mobile', 5, 3600, 1),
  (47, 2, '@', 15, 3600, 1),
  (48, 2, '@', 16, 3600, 1),
  (49, 2, 'mail1', 1, 300, 1),
  (50, 2, 'mail2', 1, 300, 1),
  (51, 2, 'mail3', 1, 300, 1),
  (52, 2, 'mail1', 28, 300, 1),
  (53, 2, 'mail2', 28, 300, 1),
  (54, 2, 'mail3', 28, 300, 1),
  (55, 2, '_sip._tcp', 33, 3600, 1),
  (56, 2, 'sip', 1, 300, 1),
  (57, 2, 'sip', 28, 300, 1),
  (58, 2, '_dns', 64, 3600, 1),
  (59, 2, '@', 65, 3600, 1),
  (60, 2, '@', 257, 3600, 1);

INSERT INTO `records` (`rrset_id`, `content`, `monitor_id`, `view_id`) VALUES
  (31, 'ns1.example.net. hostmaster.example.net. 2016010101 21600 3600 1209600 300', 1, 1),
  (32, 'ns1.example.net', 1, 1),
  (32, 'ns2.example.net', 1, 1),
  (32, 'ns3.example.net', 1, 1),
  (32, 'ns4.example.net', 1, 1),
  (33, '192.0.2.1', 1, 1),
  (34, '192.0.2.2', 1, 1),
  (35, '192.0.2.3', 1, 1),
  (36, '192.0.2.4', 1, 1),
  (37, '2001:db8::1', 1, 1),
  (38, '2001:db8::2', 1, 1),
  (39, '2001:db8::3', 1, 1),
  (40, '2001:db8::4', 1, 1),
  (41, '192.0.2.101', 1, 1),
  (41, '192.0.2.102', 1, 1),
  (41, '192.0.2.103', 1, 1),
  (41, '192.0.2.104', 1, 1),
  (42, '2001:db8::101', 1, 1),
  (42, '2001:db8::102', 1, 1),
  (42, '2001:db8::103', 1, 1),
  (42, '2001:db8::104', 1, 1),
  (43, 'example.net', 1, 1),
  (44, '192.0.2.201', 1, 1),
  (44, '192.0.2.202', 1, 1),
  (44, '192.0.2.203', 1, 1),
  (44, '192.0.2.204', 1, 1),
  (45, '2001:db8::201', 1, 1),
  (45, '2001:db8::202', 1, 1),
  (45, '2001:db8::203', 1, 1),
  (45, '2001:db8::204', 1, 1),
  (46, 'm.example.net', 1, 1),
  (47, '10 mail1.example.net', 1, 1),
  (47, '20 mail2.example.net', 1, 1),
  (47, '30 mail3.example.net', 1, 1),
  (48, 'v=spf1 ip4:192.0.2.0/24 2001:db8::/32 ~all', 1, 1),
  (49, '192.0.2.10', 1, 1),
  (50, '192.0.2.20', 1, 1),
  (51, '192.0.2.30', 1, 1),
  (52, '2001:db8::10', 1, 1),
  (53, '2001:db8::20', 1, 1),
  (54, '2001:db8::30', 1, 1),
  (55, '10 100 5060 sip.example.net', 1, 1),
  (56, '192.0.2.40', 1, 1),
  (57, '2001:db8::40', 1, 1),
  (58, '1 ns1.example.net. alpn="dot"', 1, 1),
  (59, '1 . alpn="h2,h3"', 1, 1),
  (60, '0 issue "ca.example.com"', 1, 1);

-- example.org
INSERT INTO `rrsets` (`id`, `domain_id`, `name`, `type_value`, `ttl`, `routing_id`) VALUES
  (61, 3, '@', 6, 86400, 1),
  (62, 3, '@', 2, 3600, 1),
  (63, 3, 'ns1', 1, 300, 1),
  (64, 3, 'ns2', 1, 300, 1),
  (65, 3, 'ns3', 1, 300, 1),
  (66, 3, 'ns4', 1, 300, 1),
  (67, 3, 'ns1', 28, 300, 1),
  (68, 3, 'ns2', 28, 300, 1),
  (69, 3, 'ns3', 28, 300, 1),
  (70, 3, 'ns4', 28, 300, 1),
  (71, 3, '@', 1, 300, 1),
  (72, 3, '@', 28, 300, 1),
  (73, 3, 'www', 5, 3600, 1),
  (74, 3, 'm', 1, 300, 1),
  (75, 3, 'm', 28, 300, 1),
  (76, 3, 'mobile', 5, 3600, 1),
  (77, 3, '@', 15, 3600, 1),
  (78, 3, '@', 16, 3600, 1),
  (79, 3, 'mail1', 1, 300, 1),
  (80, 3, 'mail2', 1, 300, 1),
  (81, 3, 'mail3', 1, 300, 1),
  (82, 3, 'mail1', 28, 300, 1),
  (83, 3, 'mail2', 28, 300, 1),
  (84, 3, 'mail3', 28, 300, 1),
  (85, 3, '_sip._tcp', 33, 3600, 1),
  (86, 3, 'sip', 1, 300, 1),
  (87, 3, 'sip', 28, 300, 1),
  (88, 3, '_dns', 64, 3600, 1),
  (89, 3, '@', 65, 3600, 1),
  (90, 3, '@', 257, 3600, 1);

INSERT INTO `records` (`rrset_id`, `content`, `monitor_id`, `view_id`) VALUES
  (61, 'ns1.example.org. hostmaster.example.org. 2016010101 21600 3600 1209600 300', 1, 1),
  (62, 'ns1.example.org', 1, 1),
  (62, 'ns2.example.org', 1, 1),
  (62, 'ns3.example.org', 1, 1),
  (62, 'ns4.example.org', 1, 1),
  (63, '192.0.2.1', 1, 1),
  (64, '192.0.2.2', 1, 1),
  (65, '192.0.2.3', 1, 1),
  (66, '192.0.2.4', 1, 1),
  (67, '2001:db8::1', 1, 1),
  (68, '2001:db8::2', 1, 1),
  (69, '2001:db8::3', 1, 1),
  (70, '2001:db8::4', 1, 1),
  (71, '192.0.2.101', 1, 1),
  (71, '192.0.2.102', 1, 1),
  (71, '192.0.2.103', 1, 1),
  (71, '192.0.2.104', 1, 1),
  (72, '2001:db8::101', 1, 1),
  (72, '2001:db8::102', 1, 1),
  (72, '2001:db8::103', 1, 1),
  (72, '2001:db8::104', 1, 1),
  (73, 'example.org', 1, 1),
  (74, '192.0.2.201', 1, 1),
  (74, '192.0.2.202', 1, 1),
  (74, '192.0.2.203', 1, 1),
  (74, '192.0.2.204', 1, 1),
  (75, '2001:db8::201', 1, 1),
  (75, '2001:db8::202', 1, 1),
  (75, '2001:db8::203', 1, 1),
  (75, '2001:db8::204', 1, 1),
  (76, 'm.example.org', 1, 1),
  (77, '10 mail1.example.org', 1, 1),
  (77, '20 mail2.example.org', 1, 1),
  (77, '30 mail3.example.org', 1, 1),
  (78, 'v=spf1 ip4:192.0.2.0/24 2001:db8::/32 ~all', 1, 1),
  (79, '192.0.2.10', 1, 1),
  (80, '192.0.2.20', 1, 1),
  (81, '192.0.2.30', 1, 1),
  (82, '2001:db8::10', 1, 1),
  (83, '2001:db8::20', 1, 1),
  (84, '2001:db8::30', 1, 1),
  (85, '10 100 5060 sip.example.org', 1, 1),
  (86, '192.0.2.40', 1, 1),
  (87, '2001:db8::40', 1, 1),
  (88, '1 ns1.example.org. alpn="dot"', 1, 1),
  (89, '1 . alpn="h2,h3"', 1, 1),
  (90, '0 issue "ca.example.com"', 1, 1);
