-- crypt(3) SHA-512 hash of 'admin' (Linux shadow $6$ format)
INSERT INTO `users` (`id`, `user`, `name`, `password`) VALUES
  (1, 'admin', 'Administrator', '$6$dC6ekoy/bEIml8vp$744x6Mg7b20oqniYM4NyMz9D.BoBM6fp/3cZGei6sRdAAiO9YUGSnxUqr6FQ8f2.4OrKRxNllYcjr1Btv.VTK1');

INSERT INTO `views` (`id`, `view`, `rule`) VALUES
  (1, 'Public', '0.0.0.0/0 ::/0'),
  (2, 'Private', '10.0.0.0/8 172.16.0.0/12 192.168.0.0/16');

INSERT INTO `types` (`value`, `type`, `description`) VALUES
  (1, 'A', 'Address record'),
  (2, 'NS', 'Name server record'),
  (5, 'CNAME', 'Canonical name record'),
  (6, 'SOA', 'Start of authority record'),
  (12, 'PTR', 'Pointer record'),
  (15, 'MX', 'Mail exchange record'),
  (16, 'TXT', 'Text record'),
  (28, 'AAAA', 'IPv6 address record'),
  (33, 'SRV', 'Service record');

INSERT INTO `monitors` (`id`, `monitor`, `monitor_json`) VALUES
  (1, 'No check', '{"type": "none"}'),
  (2, 'Command execution', '{"type": "exec", "args": ["/etc/powergslb/powergslb-check", "${content}"]}'),
  (3, 'ICMP ping', '{"type": "icmp", "ip": "${content}"}'),
  (4, 'HTTP request /status', '{"type": "http", "url": "http://${content}/status"}'),
  (5, 'TCP connect to port 80', '{"type": "tcp", "ip": "${content}", "port": 80}'),
  (6, 'TLS connect to port 443', '{"type": "tls", "ip": "${content}", "port": 443}');

INSERT INTO `domains` (`id`, `domain`) VALUES
  (1, 'example.com'),
  (2, 'example.net'),
  (3, 'example.org');

-- rrsets: one per (zone, relative record name, type) carrying ttl and persistence; records reference rrset_id.

-- example.com
INSERT INTO `rrsets` (`id`, `domain_id`, `name`, `type_value`, `ttl`) VALUES
  ( 1, 1, '@', 6, 86400),
  ( 2, 1, '@', 2, 3600),
  ( 3, 1, 'ns1', 1, 300),
  ( 4, 1, 'ns2', 1, 300),
  ( 5, 1, 'ns3', 1, 300),
  ( 6, 1, 'ns4', 1, 300),
  ( 7, 1, 'ns1', 28, 300),
  ( 8, 1, 'ns2', 28, 300),
  ( 9, 1, 'ns3', 28, 300),
  (10, 1, 'ns4', 28, 300),
  (11, 1, '@', 1, 300),
  (12, 1, '@', 28, 300),
  (13, 1, 'www', 5, 3600),
  (14, 1, 'm', 1, 300),
  (15, 1, 'm', 28, 300),
  (16, 1, 'mobile', 5, 3600),
  (17, 1, '@', 15, 3600),
  (18, 1, '@', 16, 3600),
  (19, 1, 'mail1', 1, 300),
  (20, 1, 'mail2', 1, 300),
  (21, 1, 'mail3', 1, 300),
  (22, 1, 'mail1', 28, 300),
  (23, 1, 'mail2', 28, 300),
  (24, 1, 'mail3', 28, 300),
  (25, 1, '_sip._tcp', 33, 3600),
  (26, 1, 'sip', 1, 300),
  (27, 1, 'sip', 28, 300);

INSERT INTO `records` (`rrset_id`, `content`, `monitor_id`, `view_id`) VALUES
  ( 1, 'ns1.example.com. hostmaster.example.com. 2016010101 21600 3600 1209600 300', 1, 1),
  ( 2, 'ns1.example.com', 1, 1),
  ( 2, 'ns2.example.com', 1, 1),
  ( 2, 'ns3.example.com', 1, 1),
  ( 2, 'ns4.example.com', 1, 1),
  ( 3, '192.0.2.1', 1, 1),
  ( 4, '192.0.2.2', 1, 1),
  ( 5, '192.0.2.3', 1, 1),
  ( 6, '192.0.2.4', 1, 1),
  ( 7, '2001:db8::1', 1, 1),
  ( 8, '2001:db8::2', 1, 1),
  ( 9, '2001:db8::3', 1, 1),
  (10, '2001:db8::4', 1, 1),
  (11, '192.0.2.101', 1, 1),
  (11, '192.0.2.102', 1, 1),
  (11, '192.0.2.103', 1, 1),
  (11, '192.0.2.104', 1, 1),
  (12, '2001:db8::101', 1, 1),
  (12, '2001:db8::102', 1, 1),
  (12, '2001:db8::103', 1, 1),
  (12, '2001:db8::104', 1, 1),
  (13, 'example.com', 1, 1),
  (14, '192.0.2.201', 1, 1),
  (14, '192.0.2.202', 1, 1),
  (14, '192.0.2.203', 1, 1),
  (14, '192.0.2.204', 1, 1),
  (15, '2001:db8::201', 1, 1),
  (15, '2001:db8::202', 1, 1),
  (15, '2001:db8::203', 1, 1),
  (15, '2001:db8::204', 1, 1),
  (16, 'm.example.com', 1, 1),
  (17, '10 mail1.example.com', 1, 1),
  (17, '20 mail2.example.com', 1, 1),
  (17, '30 mail3.example.com', 1, 1),
  (18, 'v=spf1 ip4:192.0.2.0/24 2001:db8::/32 ~all', 1, 1),
  (19, '192.0.2.10', 1, 1),
  (20, '192.0.2.20', 1, 1),
  (21, '192.0.2.30', 1, 1),
  (22, '2001:db8::10', 1, 1),
  (23, '2001:db8::20', 1, 1),
  (24, '2001:db8::30', 1, 1),
  (25, '10 100 5060 sip.example.com', 1, 1),
  (26, '192.0.2.40', 1, 1),
  (27, '2001:db8::40', 1, 1);

-- example.net
INSERT INTO `rrsets` (`id`, `domain_id`, `name`, `type_value`, `ttl`) VALUES
  (28, 2, '@', 6, 86400),
  (29, 2, '@', 2, 3600),
  (30, 2, 'ns1', 1, 300),
  (31, 2, 'ns2', 1, 300),
  (32, 2, 'ns3', 1, 300),
  (33, 2, 'ns4', 1, 300),
  (34, 2, 'ns1', 28, 300),
  (35, 2, 'ns2', 28, 300),
  (36, 2, 'ns3', 28, 300),
  (37, 2, 'ns4', 28, 300),
  (38, 2, '@', 1, 300),
  (39, 2, '@', 28, 300),
  (40, 2, 'www', 5, 3600),
  (41, 2, 'm', 1, 300),
  (42, 2, 'm', 28, 300),
  (43, 2, 'mobile', 5, 3600),
  (44, 2, '@', 15, 3600),
  (45, 2, '@', 16, 3600),
  (46, 2, 'mail1', 1, 300),
  (47, 2, 'mail2', 1, 300),
  (48, 2, 'mail3', 1, 300),
  (49, 2, 'mail1', 28, 300),
  (50, 2, 'mail2', 28, 300),
  (51, 2, 'mail3', 28, 300),
  (52, 2, '_sip._tcp', 33, 3600),
  (53, 2, 'sip', 1, 300),
  (54, 2, 'sip', 28, 300);

INSERT INTO `records` (`rrset_id`, `content`, `monitor_id`, `view_id`) VALUES
  (28, 'ns1.example.net. hostmaster.example.net. 2016010101 21600 3600 1209600 300', 1, 1),
  (29, 'ns1.example.net', 1, 1),
  (29, 'ns2.example.net', 1, 1),
  (29, 'ns3.example.net', 1, 1),
  (29, 'ns4.example.net', 1, 1),
  (30, '192.0.2.1', 1, 1),
  (31, '192.0.2.2', 1, 1),
  (32, '192.0.2.3', 1, 1),
  (33, '192.0.2.4', 1, 1),
  (34, '2001:db8::1', 1, 1),
  (35, '2001:db8::2', 1, 1),
  (36, '2001:db8::3', 1, 1),
  (37, '2001:db8::4', 1, 1),
  (38, '192.0.2.101', 1, 1),
  (38, '192.0.2.102', 1, 1),
  (38, '192.0.2.103', 1, 1),
  (38, '192.0.2.104', 1, 1),
  (39, '2001:db8::101', 1, 1),
  (39, '2001:db8::102', 1, 1),
  (39, '2001:db8::103', 1, 1),
  (39, '2001:db8::104', 1, 1),
  (40, 'example.net', 1, 1),
  (41, '192.0.2.201', 1, 1),
  (41, '192.0.2.202', 1, 1),
  (41, '192.0.2.203', 1, 1),
  (41, '192.0.2.204', 1, 1),
  (42, '2001:db8::201', 1, 1),
  (42, '2001:db8::202', 1, 1),
  (42, '2001:db8::203', 1, 1),
  (42, '2001:db8::204', 1, 1),
  (43, 'm.example.net', 1, 1),
  (44, '10 mail1.example.net', 1, 1),
  (44, '20 mail2.example.net', 1, 1),
  (44, '30 mail3.example.net', 1, 1),
  (45, 'v=spf1 ip4:192.0.2.0/24 2001:db8::/32 ~all', 1, 1),
  (46, '192.0.2.10', 1, 1),
  (47, '192.0.2.20', 1, 1),
  (48, '192.0.2.30', 1, 1),
  (49, '2001:db8::10', 1, 1),
  (50, '2001:db8::20', 1, 1),
  (51, '2001:db8::30', 1, 1),
  (52, '10 100 5060 sip.example.net', 1, 1),
  (53, '192.0.2.40', 1, 1),
  (54, '2001:db8::40', 1, 1);

-- example.org
INSERT INTO `rrsets` (`id`, `domain_id`, `name`, `type_value`, `ttl`) VALUES
  (55, 3, '@', 6, 86400),
  (56, 3, '@', 2, 3600),
  (57, 3, 'ns1', 1, 300),
  (58, 3, 'ns2', 1, 300),
  (59, 3, 'ns3', 1, 300),
  (60, 3, 'ns4', 1, 300),
  (61, 3, 'ns1', 28, 300),
  (62, 3, 'ns2', 28, 300),
  (63, 3, 'ns3', 28, 300),
  (64, 3, 'ns4', 28, 300),
  (65, 3, '@', 1, 300),
  (66, 3, '@', 28, 300),
  (67, 3, 'www', 5, 3600),
  (68, 3, 'm', 1, 300),
  (69, 3, 'm', 28, 300),
  (70, 3, 'mobile', 5, 3600),
  (71, 3, '@', 15, 3600),
  (72, 3, '@', 16, 3600),
  (73, 3, 'mail1', 1, 300),
  (74, 3, 'mail2', 1, 300),
  (75, 3, 'mail3', 1, 300),
  (76, 3, 'mail1', 28, 300),
  (77, 3, 'mail2', 28, 300),
  (78, 3, 'mail3', 28, 300),
  (79, 3, '_sip._tcp', 33, 3600),
  (80, 3, 'sip', 1, 300),
  (81, 3, 'sip', 28, 300);

INSERT INTO `records` (`rrset_id`, `content`, `monitor_id`, `view_id`) VALUES
  (55, 'ns1.example.org. hostmaster.example.org. 2016010101 21600 3600 1209600 300', 1, 1),
  (56, 'ns1.example.org', 1, 1),
  (56, 'ns2.example.org', 1, 1),
  (56, 'ns3.example.org', 1, 1),
  (56, 'ns4.example.org', 1, 1),
  (57, '192.0.2.1', 1, 1),
  (58, '192.0.2.2', 1, 1),
  (59, '192.0.2.3', 1, 1),
  (60, '192.0.2.4', 1, 1),
  (61, '2001:db8::1', 1, 1),
  (62, '2001:db8::2', 1, 1),
  (63, '2001:db8::3', 1, 1),
  (64, '2001:db8::4', 1, 1),
  (65, '192.0.2.101', 1, 1),
  (65, '192.0.2.102', 1, 1),
  (65, '192.0.2.103', 1, 1),
  (65, '192.0.2.104', 1, 1),
  (66, '2001:db8::101', 1, 1),
  (66, '2001:db8::102', 1, 1),
  (66, '2001:db8::103', 1, 1),
  (66, '2001:db8::104', 1, 1),
  (67, 'example.org', 1, 1),
  (68, '192.0.2.201', 1, 1),
  (68, '192.0.2.202', 1, 1),
  (68, '192.0.2.203', 1, 1),
  (68, '192.0.2.204', 1, 1),
  (69, '2001:db8::201', 1, 1),
  (69, '2001:db8::202', 1, 1),
  (69, '2001:db8::203', 1, 1),
  (69, '2001:db8::204', 1, 1),
  (70, 'm.example.org', 1, 1),
  (71, '10 mail1.example.org', 1, 1),
  (71, '20 mail2.example.org', 1, 1),
  (71, '30 mail3.example.org', 1, 1),
  (72, 'v=spf1 ip4:192.0.2.0/24 2001:db8::/32 ~all', 1, 1),
  (73, '192.0.2.10', 1, 1),
  (74, '192.0.2.20', 1, 1),
  (75, '192.0.2.30', 1, 1),
  (76, '2001:db8::10', 1, 1),
  (77, '2001:db8::20', 1, 1),
  (78, '2001:db8::30', 1, 1),
  (79, '10 100 5060 sip.example.org', 1, 1),
  (80, '192.0.2.40', 1, 1),
  (81, '2001:db8::40', 1, 1);
